id,start_time,end_time,score,coins_collected,ufos_shot,bullets_fired,death_reason,game_duration,pipes_passed
plane_1763296412897,2025-11-16T12:33:32.897Z,2025-11-16T12:33:40.650Z,8,2,2,33,pipe,7,3
plane_1763296421212,2025-11-16T12:33:41.212Z,2025-11-16T12:33:44.999Z,6,0,2,31,pipe,3,1
plane_1763296425226,2025-11-16T12:33:45.226Z,2025-11-16T12:33:45.949Z,0,0,0,0,ground,0,0
plane_1763296426741,2025-11-16T12:33:46.741Z,2025-11-16T12:33:47.465Z,0,0,0,0,ground,0,0
plane_1763296427702,2025-11-16T12:33:47.702Z,2025-11-16T12:33:48.415Z,0,0,0,0,ground,0,0
plane_1763296428948,2025-11-16T12:33:48.948Z,2025-11-16T12:33:49.665Z,0,0,0,0,ground,0,0
plane_1763296429950,2025-11-16T12:33:49.950Z,2025-11-16T12:33:54.182Z,6,0,2,25,pipe,4,2
plane_1763296435012,2025-11-16T12:33:55.012Z,2025-11-16T12:33:55.732Z,0,0,0,0,ground,0,0
plane_1763296435967,2025-11-16T12:33:55.967Z,2025-11-16T12:33:56.699Z,0,0,0,0,ground,0,0
plane_1763296437259,2025-11-16T12:33:57.259Z,2025-11-16T12:34:01.782Z,7,1,2,41,pipe,4,2
plane_1763296442337,2025-11-16T12:34:02.337Z,2025-11-16T12:34:03.066Z,0,0,0,0,ground,0,0
plane_1763296536969,2025-11-16T12:35:36.969Z,2025-11-16T12:35:37.897Z,0,0,0,0,ground,0,0
plane_1763296538707,2025-11-16T12:35:38.707Z,2025-11-16T12:35:43.131Z,7,1,2,38,pipe,4,2
plane_1763296543369,2025-11-16T12:35:43.369Z,2025-11-16T12:35:44.131Z,0,0,0,0,ground,0,0
plane_1763296544950,2025-11-16T12:35:44.950Z,2025-11-16T12:35:45.748Z,0,0,0,0,ground,0,0
plane_1763296545987,2025-11-16T12:35:45.987Z,2025-11-16T12:35:46.764Z,0,0,0,0,ground,0,0
plane_1763296656644,2025-11-16T12:37:36.644Z,2025-11-16T12:37:37.329Z,0,0,0,0,ground,0,0
plane_1763296658148,2025-11-16T12:37:38.148Z,2025-11-16T12:37:57.930Z,29,8,7,32,pipe,19,9
plane_1763296678735,2025-11-16T12:37:58.735Z,2025-11-16T12:38:13.996Z,21,6,5,32,enemy_bullet,15,7
plane_1763296694774,2025-11-16T12:38:14.774Z,2025-11-16T12:38:17.595Z,6,0,2,11,ground,2,1
plane_1763296762242,2025-11-16T12:39:22.242Z,2025-11-16T12:39:29.346Z,5,2,1,13,enemy_bullet,7,3
plane_1763296770159,2025-11-16T12:39:30.159Z,2025-11-16T12:39:33.995Z,3,0,1,34,pipe,3,1
plane_1763296774242,2025-11-16T12:39:34.242Z,2025-11-16T12:39:35.011Z,0,0,0,0,ground,0,0
plane_1763296775811,2025-11-16T12:39:35.811Z,2025-11-16T12:39:59.378Z,0,0,0,0,ground,23,0
plane_1763296799931,2025-11-16T12:39:59.931Z,2025-11-16T12:40:00.711Z,0,0,0,0,ground,0,0
plane_1763297047247,2025-11-16T12:44:07.247Z,2025-11-16T12:44:11.208Z,0,0,0,6,pipe,3,1
plane_1763297052013,2025-11-16T12:44:12.013Z,2025-11-16T12:44:16.259Z,6,0,2,22,pipe,4,2
plane_1763297056510,2025-11-16T12:44:16.510Z,2025-11-16T12:44:17.275Z,0,0,0,0,ground,0,0
plane_1763297058103,2025-11-16T12:44:18.103Z,2025-11-16T12:44:21.976Z,6,0,2,19,pipe,3,1
plane_1763297062216,2025-11-16T12:44:22.216Z,2025-11-16T12:44:22.975Z,0,0,0,0,ground,0,0
plane_1763297343732,2025-11-16T12:49:03.732Z,2025-11-16T12:49:07.555Z,3,0,1,13,pipe,3,1
plane_1763297348102,2025-11-16T12:49:08.102Z,2025-11-16T12:49:08.838Z,0,0,0,0,ground,0,0
plane_1763297349505,2025-11-16T12:49:09.505Z,2025-11-16T12:49:10.255Z,0,0,0,0,ground,0,0
plane_1763297350792,2025-11-16T12:49:10.792Z,2025-11-16T12:49:11.538Z,0,0,0,0,ground,0,0
plane_1763297352122,2025-11-16T12:49:12.122Z,2025-11-16T12:49:12.888Z,0,0,0,0,ground,0,0
plane_1763297353713,2025-11-16T12:49:13.713Z,2025-11-16T12:49:14.888Z,0,0,0,0,ground,1,0
plane_1763297355408,2025-11-16T12:49:15.408Z,2025-11-16T12:49:16.138Z,0,0,0,0,ground,0,0
plane_1763297487611,2025-11-16T12:51:27.611Z,2025-11-16T12:51:28.487Z,0,0,0,0,ground,0,0
plane_1763297489312,2025-11-16T12:51:29.312Z,2025-11-16T12:51:30.087Z,0,0,0,0,ground,0,0
plane_1763297490323,2025-11-16T12:51:30.323Z,2025-11-16T12:51:31.120Z,0,0,0,0,ground,0,0
plane_1763297491780,2025-11-16T12:51:31.780Z,2025-11-16T12:51:32.554Z,0,0,0,0,ground,0,0
plane_1763297492801,2025-11-16T12:51:32.801Z,2025-11-16T12:51:33.570Z,0,0,0,0,ground,0,0
plane_1763297494115,2025-11-16T12:51:34.115Z,2025-11-16T12:51:46.287Z,10,4,2,31,pipe,12,6
plane_1763297506944,2025-11-16T12:51:46.944Z,2025-11-16T12:51:47.703Z,0,0,0,0,ground,0,0
plane_1763297665116,2025-11-16T12:54:25.116Z,2025-11-16T12:54:26.468Z,0,0,0,0,ground,1,0
plane_1763297667035,2025-11-16T12:54:27.035Z,2025-11-16T12:54:35.252Z,6,0,2,9,pipe,8,2
plane_1763297742076,2025-11-16T12:55:42.076Z,2025-11-16T12:55:45.770Z,0,0,0,5,ground,3,0
plane_1763297762821,2025-11-16T12:56:02.821Z,2025-11-16T12:56:06.084Z,0,0,0,3,ground,3,0
plane_1763298060182,2025-11-16T13:01:00.182Z,2025-11-16T13:01:18.698Z,12,3,3,16,ground,18,4
plane_1763298079551,2025-11-16T13:01:19.551Z,2025-11-16T13:01:21.331Z,0,0,0,0,ground,1,0
plane_1763298081829,2025-11-16T13:01:21.829Z,2025-11-16T13:01:23.731Z,0,0,0,0,ground,1,0
plane_1763298135853,2025-11-16T13:02:15.853Z,2025-11-16T13:02:23.313Z,0,0,0,11,pipe,7,1
plane_1763298388006,2025-11-16T13:06:28.006Z,2025-11-16T13:06:35.727Z,6,0,2,8,pipe,7,1
plane_1763298396291,2025-11-16T13:06:36.291Z,2025-11-16T13:06:44.143Z,3,0,1,9,pipe,7,1
plane_1763298755466,2025-11-16T13:12:35.466Z,2025-11-16T13:12:39.872Z,0,0,0,3,ground,4,1
plane_1763298760411,2025-11-16T13:12:40.411Z,2025-11-16T13:13:13.705Z,31,7,8,33,pipe,33,8
plane_1763298826657,2025-11-16T13:13:46.657Z,2025-11-16T13:13:55.255Z,7,1,2,10,pipe,8,2
plane_1763298843173,2025-11-16T13:14:03.173Z,2025-11-16T13:14:30.088Z,20,5,5,27,enemy_bullet,26,6
plane_1763298874257,2025-11-16T13:14:34.257Z,2025-11-16T13:14:41.906Z,3,0,1,25,pipe,7,1
plane_1763299275913,2025-11-16T13:21:15.913Z,2025-11-16T13:21:31.052Z,9,3,2,10,pipe,15,4
plane_1763299298733,2025-11-16T13:21:38.733Z,2025-11-16T13:21:49.801Z,6,0,2,21,ground,11,3
plane_1763299445506,2025-11-16T13:24:05.506Z,2025-11-16T13:24:20.648Z,6,3,1,17,pipe,15,4
plane_1763299463329,2025-11-16T13:24:23.329Z,2025-11-16T13:24:48.482Z,24,6,6,21,pipe,25,7
plane_1763299533857,2025-11-16T13:25:33.857Z,2025-11-16T13:25:36.880Z,0,0,0,0,ground,3,0
plane_1763299541137,2025-11-16T13:25:41.137Z,2025-11-16T13:26:37.581Z,26,14,4,62,pipe,56,16
plane_1763299617629,2025-11-16T13:26:57.629Z,2025-11-16T13:27:19.647Z,11,5,2,19,pipe,22,6
plane_1763299670840,2025-11-16T13:27:50.840Z,2025-11-16T13:28:19.064Z,19,7,4,25,enemy_bullet,28,8
plane_1763299729250,2025-11-16T13:28:49.250Z,2025-11-16T13:29:11.070Z,20,5,5,20,pipe,21,6
plane_1763299785639,2025-11-16T13:29:45.639Z,2025-11-16T13:30:57.344Z,50,20,10,64,enemy_bullet,71,21
plane_1763299866843,2025-11-16T13:31:06.843Z,2025-11-16T13:31:08.378Z,0,0,0,0,ground,1,0
plane_1763299871000,2025-11-16T13:31:11.000Z,2025-11-16T13:31:40.543Z,26,5,7,45,pipe,29,7
plane_1763299903476,2025-11-16T13:31:43.476Z,2025-11-16T13:32:10.993Z,15,6,3,22,pipe,27,7
plane_1763300247256,2025-11-16T13:37:27.256Z,2025-11-16T13:38:01.840Z,27,9,6,35,enemy_bullet,34,10
plane_1763300615836,2025-11-16T13:43:35.836Z,2025-11-16T13:44:00.669Z,38,14,8,67,pipe,24,14
plane_1763300644008,2025-11-16T13:44:04.008Z,2025-11-16T13:45:40.203Z,128,56,24,171,pipe,96,57
plane_1763301316053,2025-11-16T13:55:16.053Z,2025-11-16T13:55:20.345Z,4,1,1,24,pipe,4,2
plane_1763301322650,2025-11-16T13:55:22.650Z,2025-11-16T13:55:37.094Z,22,7,5,50,pipe,14,8
plane_1763301799623,2025-11-16T14:03:19.623Z,2025-11-16T14:04:09.355Z,83,29,18,99,pipe,49,29
plane_1763302666814,2025-11-16T14:17:46.814Z,2025-11-16T14:18:29.945Z,64,25,13,78,pipe,43,25
plane_1763304154324,2025-11-16T14:42:34.324Z,2025-11-16T14:42:36.945Z,3,0,1,13,pipe,2,1
plane_1763304158507,2025-11-16T14:42:38.507Z,2025-11-16T14:43:05.695Z,42,15,9,55,enemy_bullet,27,16
plane_1763304721512,2025-11-16T14:52:01.512Z,2025-11-16T14:52:05.821Z,7,1,2,16,pipe,4,2
plane_1763304738741,2025-11-16T14:52:18.741Z,2025-11-16T14:52:46.372Z,48,15,11,54,pipe,27,16
plane_1763307034614,2025-11-16T15:30:34.614Z,2025-11-16T15:30:54.313Z,29,11,6,52,pipe,19,11
plane_1763307165602,2025-11-16T15:32:45.602Z,2025-11-16T15:32:46.411Z,0,0,0,0,ground,0,0
plane_1763307171653,2025-11-16T15:32:51.653Z,2025-11-16T15:32:52.461Z,0,0,0,0,ground,0,0
plane_1763307174646,2025-11-16T15:32:54.646Z,2025-11-16T15:32:57.279Z,6,0,2,21,pipe,2,1
plane_1763307180285,2025-11-16T15:33:00.285Z,2025-11-16T15:33:03.129Z,6,0,2,15,pipe,2,1
plane_1763307208046,2025-11-16T15:33:28.046Z,2025-11-16T15:33:28.862Z,0,0,0,0,ground,0,0
plane_1763307216797,2025-11-16T15:33:36.797Z,2025-11-16T15:34:10.427Z,52,19,11,61,enemy_bullet,33,20
plane_1763307648801,2025-11-16T15:40:48.801Z,2025-11-16T15:41:17.456Z,37,16,7,56,enemy_bullet,28,17
plane_1763307720761,2025-11-16T15:42:00.761Z,2025-11-16T15:42:05.688Z,8,2,2,22,pipe,4,2
plane_1763307727224,2025-11-16T15:42:07.224Z,2025-11-16T15:42:18.205Z,17,5,4,34,pipe,10,6
plane_1763307750093,2025-11-16T15:42:30.093Z,2025-11-16T15:42:33.289Z,7,1,2,20,pipe,3,1
plane_1763307756369,2025-11-16T15:42:36.369Z,2025-11-16T15:42:41.020Z,7,1,2,15,pipe,4,2
plane_1763307764976,2025-11-16T15:42:44.976Z,2025-11-16T15:43:01.171Z,32,8,8,43,pipe,16,8
plane_1763307784556,2025-11-16T15:43:04.556Z,2025-11-16T15:43:09.138Z,7,1,2,29,pipe,4,2
plane_1763307790241,2025-11-16T15:43:10.241Z,2025-11-16T15:43:21.204Z,20,5,5,49,pipe,10,6
plane_1763307845392,2025-11-16T15:44:05.392Z,2025-11-16T15:44:11.921Z,9,3,2,28,pipe,6,3
plane_1763307854083,2025-11-16T15:44:14.083Z,2025-11-16T15:44:16.854Z,3,0,1,16,pipe,2,1
plane_1763307858380,2025-11-16T15:44:18.380Z,2025-11-16T15:44:27.870Z,10,4,2,37,pipe,9,5
plane_1763307878684,2025-11-16T15:44:38.684Z,2025-11-16T15:44:56.303Z,21,9,4,63,pipe,17,10
plane_1763307913785,2025-11-16T15:45:13.785Z,2025-11-16T15:45:18.070Z,7,1,2,26,pipe,4,2
plane_1763307925421,2025-11-16T15:45:25.422Z,2025-11-16T15:45:28.054Z,6,0,2,26,pipe,2,1
plane_1763307934160,2025-11-16T15:45:34.160Z,2025-11-16T15:45:53.787Z,25,10,5,38,pipe,19,11
plane_1763308106189,2025-11-16T15:48:26.189Z,2025-11-16T15:48:30.535Z,7,1,2,19,pipe,4,2
plane_1763308113992,2025-11-16T15:48:33.992Z,2025-11-16T15:48:43.285Z,7,4,1,33,pipe,9,5
plane_1763308124786,2025-11-16T15:48:44.786Z,2025-11-16T15:48:54.434Z,10,4,2,28,pipe,9,5
plane_1763309046727,2025-11-16T16:04:06.727Z,2025-11-16T16:04:11.091Z,7,1,2,18,pipe,4,2
plane_1763309066474,2025-11-16T16:04:26.474Z,2025-11-16T16:04:31.073Z,7,1,2,13,pipe,4,2
plane_1763309086683,2025-11-16T16:04:46.683Z,2025-11-16T16:04:54.507Z,14,2,4,28,pipe,7,4
plane_1763309140583,2025-11-16T16:05:40.583Z,2025-11-16T16:05:50.371Z,17,5,4,25,pipe,9,5
plane_1763309155360,2025-11-16T16:05:55.360Z,2025-11-16T16:06:07.989Z,15,6,3,28,pipe,12,7
plane_1763309173663,2025-11-16T16:06:13.663Z,2025-11-16T16:06:41.772Z,55,16,13,63,pipe,28,16
plane_1763309241995,2025-11-16T16:07:21.995Z,2025-11-16T16:07:35.021Z,22,7,5,29,pipe,13,7
plane_1763309257139,2025-11-16T16:07:37.139Z,2025-11-16T16:07:43.105Z,8,2,2,17,pipe,5,3
plane_1763309291267,2025-11-16T16:08:11.267Z,2025-11-16T16:08:17.570Z,8,2,2,26,pipe,6,3
plane_1763309301375,2025-11-16T16:08:21.376Z,2025-11-16T16:08:42.371Z,35,11,8,61,pipe,20,12
plane_1763309328275,2025-11-16T16:08:48.275Z,2025-11-16T16:09:13.870Z,40,13,9,52,enemy_bullet,25,15
plane_1763309357376,2025-11-16T16:09:17.376Z,2025-11-16T16:09:29.621Z,12,6,2,39,enemy_bullet,12,7
plane_1763309398031,2025-11-16T16:09:58.031Z,2025-11-16T16:10:13.270Z,10,4,2,16,pipe,15,5
plane_1763309595047,2025-11-16T16:13:15.047Z,2025-11-16T16:13:19.334Z,7,1,2,17,pipe,4,2
plane_1763309655659,2025-11-16T16:14:15.659Z,2025-11-16T16:14:20.234Z,7,1,2,18,pipe,4,2
plane_1763309668260,2025-11-16T16:14:28.260Z,2025-11-16T16:14:29.067Z,0,0,0,0,ground,0,0
plane_1763309670687,2025-11-16T16:14:30.687Z,2025-11-16T16:14:31.499Z,0,0,0,0,ground,0,0
plane_1763309672599,2025-11-16T16:14:32.599Z,2025-11-16T16:14:33.399Z,0,0,0,0,ground,0,0
plane_1763309674928,2025-11-16T16:14:34.928Z,2025-11-16T16:14:41.516Z,9,3,2,23,pipe,6,3
plane_1763309682847,2025-11-16T16:14:42.847Z,2025-11-16T16:14:57.133Z,22,7,5,43,pipe,14,8
plane_1763309701494,2025-11-16T16:15:01.494Z,2025-11-16T16:15:10.782Z,10,4,2,29,pipe,9,5
plane_1763309713152,2025-11-16T16:15:13.152Z,2025-11-16T16:15:20.799Z,15,3,4,27,pipe,7,4
plane_1763309725255,2025-11-16T16:15:25.255Z,2025-11-16T16:15:31.366Z,8,2,2,33,pipe,6,3
plane_1763309733627,2025-11-16T16:15:33.627Z,2025-11-16T16:15:35.516Z,3,0,1,33,ceiling,1,1
plane_1763309736835,2025-11-16T16:15:36.835Z,2025-11-16T16:16:08.649Z,42,18,8,76,enemy_bullet,31,19
plane_1763309774741,2025-11-16T16:16:14.741Z,2025-11-16T16:16:50.698Z,47,20,9,75,pipe,35,21
plane_1763309426871,2025-11-16T16:10:26.871Z,2025-11-16T16:10:28.370Z,0,0,0,1,ground,1,0
plane_1763309431683,2025-11-16T16:10:31.683Z,2025-11-16T16:10:32.487Z,0,0,0,0,ground,0,0
plane_1763309433038,2025-11-16T16:10:33.038Z,2025-11-16T16:10:33.853Z,0,0,0,0,ground,0,0
plane_1763309435507,2025-11-16T16:10:35.507Z,2025-11-16T16:10:36.320Z,0,0,0,0,ground,0,0
plane_1763309436531,2025-11-16T16:10:36.531Z,2025-11-16T16:10:37.337Z,0,0,0,0,ground,0,0
plane_1763309438450,2025-11-16T16:10:38.450Z,2025-11-16T16:10:39.253Z,0,0,0,0,ground,0,0
plane_1763309439395,2025-11-16T16:10:39.395Z,2025-11-16T16:10:40.203Z,0,0,0,0,ground,0,0
plane_1763309440315,2025-11-16T16:10:40.315Z,2025-11-16T16:10:41.119Z,0,0,0,0,ground,0,0
plane_1763309441168,2025-11-16T16:10:41.168Z,2025-11-16T16:10:41.970Z,0,0,0,0,ground,0,0
plane_1763309443887,2025-11-16T16:10:43.887Z,2025-11-16T16:10:44.703Z,0,0,0,0,ground,0,0
plane_1763309444899,2025-11-16T16:10:44.899Z,2025-11-16T16:10:45.703Z,0,0,0,0,ground,0,0
plane_1763309449620,2025-11-16T16:10:49.620Z,2025-11-16T16:10:50.436Z,0,0,0,0,ground,0,0
plane_1763309451717,2025-11-16T16:10:51.717Z,2025-11-16T16:10:52.519Z,0,0,0,0,ground,0,0
plane_1763309452835,2025-11-16T16:10:52.835Z,2025-11-16T16:10:53.652Z,0,0,0,0,ground,0,0
plane_1763309454081,2025-11-16T16:10:54.081Z,2025-11-16T16:10:54.886Z,0,0,0,0,ground,0,0
plane_1763310461826,2025-11-16T16:27:41.826Z,2025-11-16T16:27:42.538Z,0,0,0,0,ground,0,0
plane_1763310575131,2025-11-16T16:29:35.131Z,2025-11-16T16:29:42.670Z,12,3,3,18,pipe,7,4
plane_1763310719683,2025-11-16T16:31:59.683Z,2025-11-16T16:32:00.384Z,0,0,0,0,ground,0,0
plane_1763310724912,2025-11-16T16:32:04.912Z,2025-11-16T16:32:12.867Z,6,3,1,17,pipe,7,4
plane_1763310736582,2025-11-16T16:32:16.582Z,2025-11-16T16:32:24.334Z,9,3,2,12,pipe,7,4
plane_1763310753247,2025-11-16T16:32:33.247Z,2025-11-16T16:32:39.467Z,9,3,2,16,pipe,6,3
plane_1763310787296,2025-11-16T16:33:07.296Z,2025-11-16T16:33:13.717Z,12,3,3,19,pipe,6,3
plane_1763310806559,2025-11-16T16:33:26.559Z,2025-11-16T16:33:42.783Z,29,8,7,32,pipe,16,9
plane_1763310832033,2025-11-16T16:33:52.033Z,2025-11-16T16:33:52.735Z,0,0,0,0,ground,0,0
plane_1763310837095,2025-11-16T16:33:57.095Z,2025-11-16T16:33:57.816Z,0,0,0,0,ground,0,0
plane_1763310840379,2025-11-16T16:34:00.379Z,2025-11-16T16:34:12.903Z,20,5,5,29,pipe,12,7
plane_1763310876125,2025-11-16T16:34:36.125Z,2025-11-16T16:34:46.283Z,11,5,2,36,enemy_bullet,10,6
plane_1763310887963,2025-11-16T16:34:47.963Z,2025-11-16T16:35:13.917Z,32,14,6,69,pipe,25,15
plane_1763310915923,2025-11-16T16:35:15.923Z,2025-11-16T16:35:34.782Z,22,10,4,40,enemy_bullet,18,11
plane_1763310980668,2025-11-16T16:36:20.668Z,2025-11-16T16:36:33.665Z,25,7,6,28,pipe,12,7
plane_1763311034819,2025-11-16T16:37:14.819Z,2025-11-16T16:37:32.814Z,31,10,7,33,pipe,17,10
plane_1763311055139,2025-11-16T16:37:35.139Z,2025-11-16T16:37:49.413Z,25,7,6,62,pipe,14,8
plane_1763311072484,2025-11-16T16:37:52.484Z,2025-11-16T16:38:10.314Z,30,9,7,40,pipe,17,10
plane_1763311106007,2025-11-16T16:38:26.007Z,2025-11-16T16:38:32.381Z,9,3,2,25,pipe,6,3
plane_1763311120434,2025-11-16T16:38:40.434Z,2025-11-16T16:38:56.747Z,27,9,6,38,pipe,16,9
plane_1763311140039,2025-11-16T16:39:00.039Z,2025-11-16T16:39:02.696Z,6,0,2,16,pipe,2,1
plane_1763312123292,2025-11-16T16:55:23.292Z,2025-11-16T16:55:29.153Z,2,2,0,10,pipe,5,3
plane_1763312135822,2025-11-16T16:55:35.822Z,2025-11-16T16:55:41.953Z,11,2,3,11,pipe,6,3
plane_1763312146664,2025-11-16T16:55:46.664Z,2025-11-16T16:56:03.619Z,18,9,3,39,enemy_bullet,16,10
plane_1763312180250,2025-11-16T16:56:20.250Z,2025-11-16T16:56:41.284Z,22,10,4,45,ufo_collision,21,12
plane_1763312203790,2025-11-16T16:56:43.790Z,2025-11-16T16:57:11.017Z,47,14,11,68,ceiling,27,16
plane_1763312252465,2025-11-16T16:57:32.465Z,2025-11-16T16:57:53.916Z,39,12,9,45,ufo_collision,21,12
plane_1763312836131,2025-11-16T17:07:16.131Z,2025-11-16T17:07:20.594Z,7,1,2,12,pipe,4,2
plane_1763312848977,2025-11-16T17:07:28.977Z,2025-11-16T17:07:31.493Z,3,0,1,7,pipe,2,1
plane_1763312860065,2025-11-16T17:07:40.065Z,2025-11-16T17:07:42.594Z,3,0,1,11,pipe,2,1
plane_1763312864533,2025-11-16T17:07:44.533Z,2025-11-16T17:07:47.161Z,6,0,2,13,pipe,2,1
plane_1763312869417,2025-11-16T17:07:49.417Z,2025-11-16T17:07:52.226Z,6,0,2,15,pipe,2,1
plane_1763312885978,2025-11-16T17:08:05.978Z,2025-11-16T17:08:09.026Z,7,1,2,12,pipe,3,1
plane_1763312891014,2025-11-16T17:08:11.014Z,2025-11-16T17:08:13.661Z,6,0,2,14,pipe,2,1
plane_1763312895389,2025-11-16T17:08:15.389Z,2025-11-16T17:08:18.210Z,3,0,1,14,pipe,2,1
plane_1763313057761,2025-11-16T17:10:57.761Z,2025-11-16T17:10:58.474Z,0,0,0,0,ground,0,0
plane_1763313059980,2025-11-16T17:10:59.980Z,2025-11-16T17:11:05.875Z,11,2,3,28,pipe,5,3
plane_1763313071762,2025-11-16T17:11:11.762Z,2025-11-16T17:11:14.309Z,6,0,2,13,pipe,2,1
plane_1763313076167,2025-11-16T17:11:16.167Z,2025-11-16T17:11:20.641Z,7,1,2,14,pipe,4,2
plane_1763313083278,2025-11-16T17:11:23.278Z,2025-11-16T17:11:30.958Z,15,3,4,31,pipe,7,4
plane_1763313093156,2025-11-16T17:11:33.156Z,2025-11-16T17:11:37.858Z,8,2,2,27,pipe,4,2
plane_1763313107853,2025-11-16T17:11:47.853Z,2025-11-16T17:11:50.474Z,6,0,2,13,pipe,2,1
plane_1763313120360,2025-11-16T17:12:00.360Z,2025-11-16T17:12:06.323Z,5,2,1,15,pipe,5,3
plane_1763313144329,2025-11-16T17:12:24.329Z,2025-11-16T17:12:27.457Z,4,1,1,5,pipe,3,1
plane_1763312419397,2025-11-16T17:00:19.397Z,2025-11-16T17:00:21.916Z,3,0,1,9,pipe,2,1
plane_1763312434821,2025-11-16T17:00:34.821Z,2025-11-16T17:00:37.399Z,6,0,2,15,pipe,2,1
plane_1763312439065,2025-11-16T17:00:39.065Z,2025-11-16T17:00:41.982Z,7,1,2,17,pipe,2,1
plane_1763313178331,2025-11-16T17:12:58.331Z,2025-11-16T17:13:06.240Z,13,4,3,18,pipe,7,4
plane_1763313188026,2025-11-16T17:13:08.026Z,2025-11-16T17:13:12.340Z,4,1,1,10,pipe,4,2
plane_1763313204694,2025-11-16T17:13:24.694Z,2025-11-16T17:13:29.189Z,4,1,1,18,pipe,4,2
plane_1763313211869,2025-11-16T17:13:31.869Z,2025-11-16T17:13:36.524Z,8,2,2,30,pipe,4,2
plane_1763313259021,2025-11-16T17:14:19.021Z,2025-11-16T17:14:22.055Z,1,1,0,5,pipe,3,1
plane_1763313225944,2025-11-16T17:13:45.944Z,2025-11-16T17:13:48.523Z,3,0,1,11,pipe,2,1
plane_1763313229890,2025-11-16T17:13:49.890Z,2025-11-16T17:13:52.590Z,6,0,2,13,pipe,2,1
plane_1763313265349,2025-11-16T17:14:25.349Z,2025-11-16T17:14:31.422Z,8,2,2,14,pipe,6,3
plane_1763313524052,2025-11-16T17:18:44.052Z,2025-11-16T17:18:46.603Z,6,0,2,10,pipe,2,1
plane_1763313531924,2025-11-16T17:18:51.924Z,2025-11-16T17:18:54.603Z,6,0,2,29,pipe,2,1
plane_1763313564409,2025-11-16T17:19:24.409Z,2025-11-16T17:19:26.936Z,3,0,1,14,pipe,2,1
plane_1763313572340,2025-11-16T17:19:32.340Z,2025-11-16T17:19:35.036Z,6,0,2,13,pipe,2,1
plane_1763313575965,2025-11-16T17:19:35.965Z,2025-11-16T17:19:39.035Z,7,1,2,24,pipe,3,1
plane_1763313580332,2025-11-16T17:19:40.332Z,2025-11-16T17:19:44.519Z,7,1,2,29,pipe,4,2
plane_1763313585287,2025-11-16T17:19:45.287Z,2025-11-16T17:19:48.069Z,6,0,2,15,pipe,2,1
plane_1763313603741,2025-11-16T17:20:03.741Z,2025-11-16T17:20:06.469Z,6,0,2,17,pipe,2,1
plane_1763313608425,2025-11-16T17:20:08.425Z,2025-11-16T17:20:11.251Z,7,1,2,32,pipe,2,1
plane_1763313387485,2025-11-16T17:16:27.485Z,2025-11-16T17:16:30.088Z,6,0,2,10,pipe,2,1
plane_1763313395733,2025-11-16T17:16:35.733Z,2025-11-16T17:16:38.454Z,6,0,2,16,pipe,2,1
plane_1763313404385,2025-11-16T17:16:44.385Z,2025-11-16T17:16:48.571Z,7,1,2,19,pipe,4,2
plane_1763313409989,2025-11-16T17:16:49.989Z,,0,0,0,1,,0,0
plane_1763313415945,2025-11-16T17:16:55.945Z,2025-11-16T17:16:58.471Z,6,0,2,23,pipe,2,1
plane_1763313432174,2025-11-16T17:17:12.174Z,2025-11-16T17:17:23.620Z,21,6,5,29,pipe,11,6
plane_1763313444817,2025-11-16T17:17:24.817Z,2025-11-16T17:17:31.187Z,12,3,3,16,pipe,6,3
plane_1763313454868,2025-11-16T17:17:34.868Z,2025-11-16T17:17:44.537Z,14,5,3,35,pipe,9,5
plane_1763313500000,2025-11-16T17:18:20.000Z,2025-11-16T17:18:22.869Z,7,1,2,19,pipe,2,1
plane_1763313508052,2025-11-16T17:18:28.052Z,2025-11-16T17:18:37.403Z,13,4,3,20,pipe,9,5
plane_1763313616089,2025-11-16T17:20:16.089Z,2025-11-16T17:20:18.852Z,6,0,2,15,pipe,2,1
plane_1763313720508,2025-11-16T17:22:00.508Z,2025-11-16T17:22:05.034Z,7,1,2,27,pipe,4,2
plane_1763313726554,2025-11-16T17:22:06.554Z,2025-11-16T17:22:10.750Z,7,1,2,25,pipe,4,2
plane_1763313731956,2025-11-16T17:22:11.956Z,2025-11-16T17:22:14.734Z,3,0,1,18,pipe,2,1
plane_1763313744385,2025-11-16T17:22:24.385Z,2025-11-16T17:22:27.301Z,7,1,2,17,pipe,2,1
plane_1763313749013,2025-11-16T17:22:29.013Z,2025-11-16T17:22:34.867Z,14,2,4,26,pipe,5,3
plane_1763313757516,2025-11-16T17:22:37.516Z,2025-11-16T17:22:39.350Z,3,0,1,34,ceiling,1,1
plane_1763313763870,2025-11-16T17:22:43.870Z,2025-11-16T17:22:45.683Z,3,0,1,34,ceiling,1,1
plane_1763313766304,2025-11-16T17:22:46.304Z,2025-11-16T17:22:47.017Z,0,0,0,0,ground,0,0
plane_1763313781907,2025-11-16T17:23:01.907Z,2025-11-16T17:23:08.022Z,11,2,3,14,pipe,6,3
plane_1763313792854,2025-11-16T17:23:12.854Z,2025-11-16T17:23:15.383Z,6,0,2,22,pipe,2,1
plane_1763313907666,2025-11-16T17:25:07.666Z,2025-11-16T17:25:30.699Z,30,12,6,44,ufo_collision,23,13
plane_1763313946527,2025-11-16T17:25:46.527Z,2025-11-16T17:26:02.381Z,26,8,6,35,pipe,15,9
plane_1763313965797,2025-11-16T17:26:05.797Z,2025-11-16T17:26:36.348Z,59,14,15,52,enemy_bullet,30,18
plane_1763314008357,2025-11-16T17:26:48.357Z,2025-11-16T17:26:54.698Z,6,3,1,10,pipe,6,3
plane_1763314050643,2025-11-16T17:27:30.643Z,2025-11-16T17:27:34.830Z,7,1,2,19,pipe,4,2
plane_1763314056920,2025-11-16T17:27:36.920Z,2025-11-16T17:28:11.379Z,58,19,13,60,pipe,34,20
plane_1763314093020,2025-11-16T17:28:13.020Z,2025-11-16T17:29:40.545Z,134,50,28,158,pipe,87,52
plane_1763314275151,2025-11-16T17:31:15.151Z,2025-11-16T17:31:36.161Z,38,11,9,49,pipe,21,12
plane_1763314299139,2025-11-16T17:31:39.139Z,2025-11-16T17:31:49.994Z,17,5,4,40,pipe,10,6
plane_1763314314332,2025-11-16T17:31:54.332Z,2025-11-16T17:31:56.877Z,3,0,1,10,pipe,2,1
plane_1763314320681,2025-11-16T17:32:00.681Z,2025-11-16T17:32:02.410Z,3,0,1,32,ceiling,1,1
plane_1763314324855,2025-11-16T17:32:04.855Z,2025-11-16T17:32:09.593Z,8,2,2,36,pipe,4,2
plane_1763314334181,2025-11-16T17:32:14.181Z,2025-11-16T17:32:20.176Z,11,2,3,35,pipe,5,3
plane_1763314407308,2025-11-16T17:33:27.308Z,2025-11-16T17:33:30.093Z,6,0,2,18,pipe,2,1
plane_1763314418705,2025-11-16T17:33:38.705Z,2025-11-16T17:33:43.359Z,11,2,3,27,pipe,4,2
plane_1763314440897,2025-11-16T17:34:00.897Z,2025-11-16T17:34:01.609Z,0,0,0,0,ground,0,0
plane_1763314442259,2025-11-16T17:34:02.259Z,2025-11-16T17:34:08.525Z,8,2,2,15,pipe,6,3
plane_1763314449908,2025-11-16T17:34:09.908Z,2025-11-16T17:34:14.091Z,7,1,2,16,pipe,4,2
plane_1763314463183,2025-11-16T17:34:23.183Z,2025-11-16T17:34:34.325Z,17,5,4,39,pipe,11,6
plane_1763314509948,2025-11-16T17:35:09.948Z,2025-11-16T17:35:12.508Z,6,0,2,11,pipe,2,1
plane_1763314537015,2025-11-16T17:35:37.015Z,2025-11-16T17:35:41.208Z,7,1,2,33,pipe,4,2
plane_1763314543763,2025-11-16T17:35:43.763Z,2025-11-16T17:35:59.058Z,23,8,5,36,enemy_bullet,15,9
plane_1763314562808,2025-11-16T17:36:02.808Z,2025-11-16T17:36:27.141Z,43,13,10,55,pipe,24,14
plane_1763314601063,2025-11-16T17:36:41.063Z,2025-11-16T17:36:44.024Z,3,0,1,19,pipe,2,1
plane_1763314638844,2025-11-16T17:37:18.844Z,2025-11-16T17:37:38.040Z,15,9,2,32,pipe,19,11
plane_1763314755188,2025-11-16T17:39:15.188Z,2025-11-16T17:39:22.723Z,12,3,3,27,pipe,7,4
plane_1763314764972,2025-11-16T17:39:24.972Z,2025-11-16T17:39:29.156Z,7,1,2,25,pipe,4,2
plane_1763314772230,2025-11-16T17:39:32.230Z,2025-11-16T17:39:44.822Z,21,6,5,27,pipe,12,7
plane_1763314835915,2025-11-16T17:40:35.915Z,2025-11-16T17:40:38.437Z,3,0,1,5,pipe,2,1
plane_1763314847863,2025-11-16T17:40:47.863Z,2025-11-16T17:41:03.088Z,26,8,6,37,ground,15,9
plane_1763354747730,2025-11-17T04:45:47.730Z,2025-11-17T04:46:13.976Z,38,14,8,46,pipe,26,15
plane_1763354776104,2025-11-17T04:46:16.104Z,2025-11-17T04:46:30.692Z,29,8,7,35,pipe,14,8
plane_1763354792559,2025-11-17T04:46:32.559Z,2025-11-17T04:46:34.425Z,3,0,1,30,ceiling,1,1
plane_1763354795972,2025-11-17T04:46:35.972Z,2025-11-17T04:47:13.324Z,59,20,13,75,enemy_bullet,37,22
plane_1763354835319,2025-11-17T04:47:15.319Z,2025-11-17T04:47:31.174Z,26,8,6,33,pipe,15,9
plane_1763354861070,2025-11-17T04:47:41.070Z,2025-11-17T04:47:50.857Z,20,5,5,26,pipe,9,5
plane_1763354879579,2025-11-17T04:47:59.579Z,2025-11-17T04:48:07.108Z,9,3,2,15,pipe,7,4
plane_1763354904348,2025-11-17T04:48:24.348Z,2025-11-17T04:48:45.108Z,31,10,7,39,enemy_bullet,20,12
plane_1763354928443,2025-11-17T04:48:48.443Z,2025-11-17T04:49:05.406Z,24,9,5,42,enemy_bullet,16,10
plane_1763354946626,2025-11-17T04:49:06.626Z,2025-11-17T04:49:20.822Z,22,7,5,29,pipe,14,8
plane_1763354969659,2025-11-17T04:49:29.659Z,2025-11-17T04:49:51.923Z,39,12,9,48,enemy_bullet,22,13
plane_1763354993140,2025-11-17T04:49:53.140Z,2025-11-17T04:50:08.740Z,16,7,3,34,enemy_bullet,15,9
plane_1763355015379,2025-11-17T04:50:15.379Z,2025-11-17T04:50:16.088Z,0,0,0,0,ground,0,0
plane_1763355016470,2025-11-17T04:50:16.470Z,2025-11-17T04:50:17.172Z,0,0,0,0,ground,0,0
plane_1763355017439,2025-11-17T04:50:17.439Z,2025-11-17T04:50:18.138Z,0,0,0,0,ground,0,0
plane_1763355018463,2025-11-17T04:50:18.463Z,2025-11-17T04:50:19.172Z,0,0,0,0,ground,0,0
plane_1763355019767,2025-11-17T04:50:19.767Z,2025-11-17T04:50:28.672Z,10,4,2,40,ceiling,8,5
plane_1763355066858,2025-11-17T04:51:06.858Z,2025-11-17T04:51:22.121Z,20,8,4,31,enemy_bullet,15,9
plane_1763355083428,2025-11-17T04:51:23.428Z,2025-11-17T04:51:54.538Z,42,15,9,63,enemy_bullet,31,18
plane_1763355127843,2025-11-17T04:52:07.843Z,2025-11-17T04:52:12.255Z,4,1,1,17,pipe,4,2
plane_1763355133611,2025-11-17T04:52:13.611Z,2025-11-17T04:52:31.070Z,24,9,5,38,enemy_bullet,17,10
plane_1763355193998,2025-11-17T04:53:13.998Z,2025-11-17T04:53:23.154Z,16,4,4,29,enemy_bullet,9,5
plane_1763355204419,2025-11-17T04:53:24.419Z,2025-11-17T04:53:41.620Z,21,9,4,35,enemy_bullet,17,10
plane_1763355223063,2025-11-17T04:53:43.063Z,2025-11-17T04:53:52.086Z,9,3,2,30,enemy_bullet,9,5
plane_1763355233288,2025-11-17T04:53:53.288Z,2025-11-17T04:54:23.819Z,44,17,9,55,enemy_bullet,30,18
plane_1763355264983,2025-11-17T04:54:24.983Z,2025-11-17T04:54:35.836Z,14,5,3,31,pipe,10,6
plane_1763355277419,2025-11-17T04:54:37.419Z,2025-11-17T04:54:45.003Z,15,3,4,35,pipe,7,4
plane_1763355343752,2025-11-17T04:55:43.752Z,2025-11-17T04:55:51.835Z,10,4,2,19,pipe,8,4
plane_1763355353063,2025-11-17T04:55:53.063Z,2025-11-17T04:56:07.252Z,22,7,5,34,enemy_bullet,14,8
plane_1763355368806,2025-11-17T04:56:08.806Z,2025-11-17T04:56:29.084Z,20,11,3,40,enemy_bullet,20,12
plane_1763355395254,2025-11-17T04:56:35.254Z,2025-11-17T04:56:38.035Z,6,0,2,19,pipe,2,1
plane_1763355399002,2025-11-17T04:56:39.002Z,2025-11-17T04:56:50.852Z,18,6,4,33,enemy_bullet,11,7
plane_1763355429217,2025-11-17T04:57:09.217Z,2025-11-17T04:57:27.218Z,25,10,5,37,pipe,18,10
plane_1763355452287,2025-11-17T04:57:32.287Z,2025-11-17T04:57:39.550Z,9,3,2,38,ceiling,7,4
plane_1763355464910,2025-11-17T04:57:44.910Z,2025-11-17T04:57:55.183Z,11,5,2,24,ground,10,6
plane_1763355500094,2025-11-17T04:58:20.094Z,2025-11-17T04:58:45.949Z,32,14,6,50,pipe,25,15
plane_1763370881728,2025-11-17T09:14:41.728Z,2025-11-17T09:14:44.474Z,6,0,2,19,pipe,2,1
plane_1763370888828,2025-11-17T09:14:48.828Z,2025-11-17T09:15:01.840Z,25,7,6,32,pipe,13,7
plane_1763371817071,2025-11-17T09:30:17.071Z,2025-11-17T09:30:36.346Z,40,10,10,42,pipe,19,11
plane_1763373177216,2025-11-17T09:52:57.216Z,2025-11-17T09:53:01.998Z,11,2,3,20,pipe,4,2
plane_1763373205587,2025-11-17T09:53:25.587Z,2025-11-17T09:53:50.830Z,26,14,4,45,enemy_bullet,25,15
plane_1763385174316,2025-11-17T13:12:54.316Z,2025-11-17T13:13:33.312Z,52,19,11,73,enemy_bullet,38,23
plane_1763385228088,2025-11-17T13:13:48.088Z,2025-11-17T13:14:16.594Z,58,16,14,61,enemy_bullet,28,17
plane_1763385305580,2025-11-17T13:15:05.580Z,2025-11-17T13:15:12.060Z,12,3,3,17,pipe,6,3
plane_1763385313188,2025-11-17T13:15:13.188Z,2025-11-17T13:15:45.326Z,56,17,13,63,enemy_bullet,32,19
plane_1763385347915,2025-11-17T13:15:47.915Z,2025-11-17T13:15:54.410Z,12,3,3,23,pipe,6,3
plane_1763385355452,2025-11-17T13:15:55.452Z,2025-11-17T13:16:06.676Z,18,6,4,39,pipe,11,6
plane_1763385437344,2025-11-17T13:17:17.344Z,2025-11-17T13:17:19.875Z,6,0,2,24,pipe,2,1
plane_1763385441027,2025-11-17T13:17:21.027Z,2025-11-17T13:17:37.392Z,24,9,5,46,pipe,16,9
plane_1763385476432,2025-11-17T13:17:56.432Z,2025-11-17T13:18:16.108Z,35,11,8,45,pipe,19,11
plane_1763385518152,2025-11-17T13:18:38.152Z,2025-11-17T13:19:09.924Z,60,18,14,70,enemy_bullet,31,19
plane_1763385551099,2025-11-17T13:19:11.099Z,2025-11-17T13:19:52.773Z,69,24,15,77,enemy_bullet,41,25
plane_1763385594200,2025-11-17T13:19:54.200Z,2025-11-17T13:20:08.974Z,20,8,4,43,ufo_collision,14,8
plane_1763385621992,2025-11-17T13:20:21.992Z,2025-11-17T13:20:22.707Z,0,0,0,0,ground,0,0
plane_1763390933843,2025-11-17T14:48:53.843Z,2025-11-17T14:49:05.247Z,5,2,1,23,ground,11,3
plane_1763390967599,2025-11-17T14:49:27.599Z,2025-11-17T14:49:45.979Z,19,4,5,18,pipe,18,5
plane_1763390988674,2025-11-17T14:49:48.674Z,2025-11-17T14:50:34.412Z,37,13,8,58,pipe,45,13
plane_1763393231322,2025-11-17T15:27:11.322Z,2025-11-17T15:27:44.238Z,27,9,6,34,pipe,32,9
plane_1763393267084,2025-11-17T15:27:47.084Z,2025-11-17T15:28:02.138Z,15,3,4,46,pipe,15,4
plane_1763393710740,2025-11-17T15:35:10.740Z,2025-11-17T15:35:39.133Z,28,7,7,38,pipe,28,8
plane_1763394029896,2025-11-17T15:40:29.896Z,2025-11-17T15:40:41.612Z,11,2,3,12,pipe,11,3
plane_1763394054980,2025-11-17T15:40:54.980Z,2025-11-17T15:41:26.711Z,22,7,5,41,pipe,31,9
plane_1763432089092,2025-11-18T02:14:49.092Z,2025-11-18T02:15:01.641Z,24,6,6,29,pipe,12,7
plane_1763432104343,2025-11-18T02:15:04.343Z,2025-11-18T02:15:06.874Z,6,0,2,23,pipe,2,1
plane_1763432111696,2025-11-18T02:15:11.696Z,2025-11-18T02:15:25.890Z,22,7,5,34,pipe,14,8
plane_1763432128201,2025-11-18T02:15:28.201Z,2025-11-18T02:15:52.389Z,40,13,9,60,pipe,24,14
plane_1763432155752,2025-11-18T02:15:55.752Z,2025-11-18T02:16:38.022Z,80,23,19,96,enemy_bullet,42,25
plane_1763432202180,2025-11-18T02:16:42.180Z,2025-11-18T02:16:42.888Z,0,0,0,0,ground,0,0
plane_1763436075099,2025-11-18T03:21:15.099Z,2025-11-18T03:21:50.607Z,62,20,14,77,enemy_bullet,35,21
plane_1763436115012,2025-11-18T03:21:55.012Z,2025-11-18T03:22:39.124Z,73,25,16,93,enemy_bullet,44,26
plane_1763436161903,2025-11-18T03:22:41.903Z,2025-11-18T03:23:44.522Z,131,35,32,119,pipe,62,37
plane_1763436227264,2025-11-18T03:23:47.264Z,2025-11-18T03:24:13.439Z,48,15,11,61,pipe,26,15
plane_1763436259652,2025-11-18T03:24:19.652Z,2025-11-18T03:24:25.589Z,5,2,1,17,pipe,5,3
plane_1763438606890,2025-11-18T04:03:26.890Z,2025-11-18T04:03:44.313Z,21,9,4,39,enemy_bullet,17,10
plane_1763438627485,2025-11-18T04:03:47.485Z,2025-11-18T04:04:32.162Z,71,26,15,95,pipe,44,26
plane_1763440616488,2025-11-18T04:36:56.488Z,2025-11-18T04:37:32.140Z,50,20,10,75,enemy_bullet,35,21
plane_1763441683685,2025-11-18T04:54:43.685Z,2025-11-18T04:55:17.179Z,59,17,14,68,enemy_bullet,33,20
plane_1763441740056,2025-11-18T04:55:40.056Z,2025-11-18T04:55:49.528Z,19,4,5,35,pipe,9,5
plane_1763441756664,2025-11-18T04:55:56.664Z,2025-11-18T04:56:14.195Z,30,9,7,47,pipe,17,10
plane_1763441775483,2025-11-18T04:56:15.483Z,2025-11-18T04:56:23.012Z,15,3,4,30,pipe,7,4
plane_1763441784232,2025-11-18T04:56:24.232Z,2025-11-18T04:56:28.428Z,7,1,2,9,pipe,4,2
plane_1763441789483,2025-11-18T04:56:29.483Z,2025-11-18T04:56:37.010Z,12,3,3,20,pipe,7,4
plane_1763441797968,2025-11-18T04:56:37.968Z,2025-11-18T04:56:43.478Z,8,2,2,12,ground,5,3
plane_1763442123096,2025-11-18T05:02:03.096Z,2025-11-18T05:02:05.924Z,6,0,2,16,pipe,2,1
plane_1763442330844,2025-11-18T05:05:30.844Z,2025-11-18T05:05:48.154Z,24,9,5,42,enemy_bullet,17,10
plane_1763443728343,2025-11-18T05:28:48.343Z,2025-11-18T05:29:05.990Z,27,9,6,42,pipe,17,10
plane_1763443748220,2025-11-18T05:29:08.220Z,2025-11-18T05:29:38.706Z,47,17,10,63,enemy_bullet,30,18
plane_1763443812842,2025-11-18T05:30:12.842Z,2025-11-18T05:30:46.905Z,58,19,13,62,enemy_bullet,34,20
plane_1763443859823,2025-11-18T05:30:59.823Z,2025-11-18T05:31:14.622Z,29,8,7,38,pipe,14,8
plane_1763443877170,2025-11-18T05:31:17.170Z,2025-11-18T05:31:28.021Z,17,5,4,23,pipe,10,6
plane_1763443890498,2025-11-18T05:31:30.498Z,2025-11-18T05:32:11.021Z,76,22,18,93,enemy_bullet,40,24
plane_1763443954827,2025-11-18T05:32:34.827Z,2025-11-18T05:32:38.988Z,7,1,2,9,ground,4,2
plane_1763444162444,2025-11-18T05:36:02.444Z,2025-11-18T05:36:10.586Z,16,4,4,29,pipe,8,4
plane_1763444172710,2025-11-18T05:36:12.710Z,2025-11-18T05:36:25.868Z,22,7,5,32,pipe,13,7
plane_1763444188405,2025-11-18T05:36:28.405Z,2025-11-18T05:37:09.185Z,83,23,20,84,enemy_bullet,40,24
plane_1763444231710,2025-11-18T05:37:11.710Z,2025-11-18T05:37:42.517Z,59,17,14,72,enemy_bullet,30,18
plane_1763444410330,2025-11-18T05:40:10.330Z,2025-11-18T05:40:13.166Z,7,1,2,8,pipe,2,1
plane_1763444423109,2025-11-18T05:40:23.109Z,2025-11-18T05:40:27.899Z,5,2,1,10,pipe,4,2
plane_1763444482666,2025-11-18T05:41:22.666Z,2025-11-18T05:41:28.881Z,11,2,3,11,pipe,6,3
plane_1763444965145,2025-11-18T05:49:25.145Z,2025-11-18T05:49:44.518Z,31,10,7,43,pipe,19,11
plane_1763445385485,2025-11-18T05:56:25.485Z,2025-11-18T05:56:44.863Z,33,9,8,46,ufo_collision,19,11
plane_1763445407413,2025-11-18T05:56:47.413Z,2025-11-18T05:57:00.413Z,28,7,7,41,pipe,13,7
plane_1763445949639,2025-11-18T06:05:49.639Z,2025-11-18T06:05:50.344Z,0,0,0,0,ground,0,0
plane_1763446000135,2025-11-18T06:06:40.135Z,2025-11-18T06:06:40.843Z,0,0,0,0,ground,0,0
plane_1763446020463,2025-11-18T06:07:00.463Z,2025-11-18T06:07:19.660Z,37,10,9,51,pipe,19,11
plane_1763446437706,2025-11-18T06:13:57.706Z,2025-11-18T06:14:12.367Z,29,8,7,36,pipe,14,8
plane_1763446474675,2025-11-18T06:14:34.675Z,2025-11-18T06:15:07.799Z,61,19,14,75,pipe,33,19
plane_1763445842174,2025-11-18T06:04:02.174Z,2025-11-18T06:04:04.278Z,0,0,0,2,ground,2,1
plane_1763445854139,2025-11-18T06:04:14.139Z,2025-11-18T06:04:18.328Z,7,1,2,31,pipe,4,2
plane_1763445900538,2025-11-18T06:05:00.538Z,2025-11-18T06:05:01.245Z,0,0,0,0,ground,0,0
plane_1763619320807,2025-11-20T06:15:20.807Z,2025-11-20T06:15:43.330Z,42,12,10,43,pipe,22,13
plane_1763477752037,2025-11-18T14:55:52.037Z,2025-11-18T14:56:45.822Z,44,14,10,50,enemy_bullet,53,16
plane_1763477810366,2025-11-18T14:56:50.366Z,2025-11-18T14:57:53.287Z,59,17,14,116,pipe,62,18
plane_1763477875833,2025-11-18T14:57:55.833Z,2025-11-18T14:58:54.219Z,58,16,14,107,pipe,58,17
plane_1763542535126,2025-11-19T08:55:35.126Z,2025-11-19T08:55:46.059Z,17,5,4,38,pipe,10,6
plane_1763542551006,2025-11-19T08:55:51.006Z,2025-11-19T08:56:50.192Z,111,33,26,127,pipe,59,35
plane_1763542633559,2025-11-19T08:57:13.559Z,2025-11-19T08:57:34.424Z,41,11,10,55,pipe,20,12
plane_1763542663049,2025-11-19T08:57:43.049Z,2025-11-19T08:57:47.240Z,4,1,1,28,pipe,4,2
plane_1763542668187,2025-11-19T08:57:48.187Z,2025-11-19T08:58:00.807Z,17,5,4,38,pipe,12,7
plane_1763542682141,2025-11-19T08:58:02.141Z,2025-11-19T08:58:21.690Z,38,11,9,50,pipe,19,11
plane_1763542720444,2025-11-19T08:58:40.444Z,2025-11-19T08:58:48.391Z,18,3,5,34,pipe,7,4
plane_1763626779382,2025-11-20T08:19:39.382Z,2025-11-20T08:20:18.388Z,64,22,14,88,enemy_bullet,39,23
